{
    "Bone": {
        "inv_bind": [
            [
                0.9468565583229065,
                -0.2414022833108902,
                -0.21257390081882477,
                -0.0
            ],
            [
                0.2414022833108902,
                0.0965609923005104,
                0.9656091332435608,
                -0.0
            ],
            [
                -0.21257390081882477,
                -0.9656091332435608,
                0.14970439672470093,
                -0.0
            ],
            [
                -0.0,
                0.0,
                -0.0,
                1.0
            ]
        ],
        "location": [
            0.10000000149011612,
            0.0,
            0.10000000149011612
        ],
        "rotation_quaternion": [
            0.9958688616752625,
            0.021920323371887207,
            -0.008768136613070965,
            0.08768130093812943
        ],
        "scale": [
            1.0,
            1.2000000476837158,
            1.0
        ],
        "matrix_basis": [
            [
                1.0,
                0.0,
                0.0,
                0.10000000149011612
            ],
            [
                0.0,
                1.2000000476837158,
                0.0,
                0.0
            ],
            [
                0.0,
                0.0,
                1.0,
                0.10000000149011612
            ],
            [
                0.0,
                0.0,
                0.0,
                1.0
            ]
        ],
        "t": [
            0.07342825829982758,
            -0.1207011342048645,
            -0.006286943331360817
        ],
        "r": [
            0.7404596209526062,
            0.6520335674285889,
            0.0,
            -0.16300839185714722
        ],
        "s": [
            0.9999999403953552,
            1.2000000476837158,
            0.9999999403953552
        ],
        "local_to_parent": [
            [
                0.9468564987182617,
                0.2896827459335327,
                -0.21257388591766357,
                0.07342825829982758
            ],
            [
                -0.241402268409729,
                0.11587309837341309,
                -0.965609073638916,
                -0.1207011342048645
            ],
            [
                -0.21257388591766357,
                1.1587309837341309,
                0.1497044563293457,
                -0.006286943331360817
            ],
            [
                0.0,
                0.0,
                0.0,
                1.0
            ]
        ]
    },
    "Bone.001": {
        "inv_bind": [
            [
                0.93549644947052,
                0.24140223860740662,
                0.25801438093185425,
                -1.0320574045181274
            ],
            [
                -0.24140223860740662,
                -0.09656094014644623,
                0.9656091928482056,
                -1.7912051677703857
            ],
            [
                0.2580142617225647,
                -0.965609073638916,
                -0.032057419419288635,
                0.12822949886322021
            ],
            [
                -0.0,
                0.0,
                -0.0,
                1.0
            ]
        ],
        "location": [
            -0.10000000149011612,
            -0.30000001192092896,
            0.20000000298023224
        ],
        "rotation_quaternion": [
            0.9376327395439148,
            -0.046560220420360565,
            -0.24193699657917023,
            0.24524159729480743
        ],
        "scale": [
            0.8999999761581421,
            1.0,
            1.0
        ],
        "matrix_basis": [
            [
                0.686381459236145,
                -0.4373638331890106,
                -0.47653311491012573,
                -0.10000000149011612
            ],
            [
                0.4341801404953003,
                0.8753774166107178,
                -0.03135325759649277,
                -0.30000001192092896
            ],
            [
                0.38777315616607666,
                -0.20597881078720093,
                0.8785972595214844,
                0.20000000298023224
            ],
            [
                0.0,
                0.0,
                0.0,
                1.0
            ]
        ],
        "t": [
            0.1427355259656906,
            1.749580979347229,
            0.12715105712413788
        ],
        "r": [
            0.879896342754364,
            0.16033142805099487,
            -0.041319072246551514,
            0.4453864097595215
        ],
        "s": [
            0.8999998569488525,
            0.9999998807907104,
            1.0
        ],
        "local_to_parent": [
            [
                0.5398626327514648,
                -0.7970370650291443,
                0.07010591775178909,
                0.1427355259656906
            ],
            [
                0.6934841871261597,
                0.5518494844436646,
                -0.3189559578895569,
                1.749580979347229
            ],
            [
                0.1939786672592163,
                0.2453441619873047,
                0.9451732039451599,
                0.12715105712413788
            ],
            [
                0.0,
                0.0,
                0.0,
                1.0
            ]
        ]
    },
    "Bone.002": {
        "inv_bind": [
            [
                0.9273116588592529,
                0.235702246427536,
                0.29075345396995544,
                -1.1630136966705322
            ],
            [
                -0.23570220172405243,
                -0.2357020378112793,
                0.9428090453147888,
                -3.7712361812591553
            ],
            [
                0.2907533347606659,
                -0.942808985710144,
                -0.163013756275177,
                0.6520549058914185
            ],
            [
                -0.0,
                0.0,
                -0.0,
                1.0
            ]
        ],
        "location": [
            0.20000000298023224,
            0.5,
            0.10000000149011612
        ],
        "rotation_quaternion": [
            0.8633463978767395,
            0.23848773539066315,
            0.2095998227596283,
            -0.3922048509120941
        ],
        "scale": [
            1.0,
            1.2000000476837158,
            1.0
        ],
        "matrix_basis": [
            [
                0.6044865250587463,
                0.9326295852661133,
                0.17484241724014282,
                0.20000000298023224
            ],
            [
                -0.5772433280944824,
                0.6943175196647644,
                -0.576207160949707,
                0.5
            ],
            [
                -0.5489866137504578,
                0.2968595325946808,
                0.7983830571174622,
                0.10000000149011612
            ],
            [
                0.0,
                0.0,
                0.0,
                1.0
            ]
        ],
        "t": [
            0.18304771184921265,
            2.5594260692596436,
            0.16781024634838104
        ],
        "r": [
            0.851581871509552,
            0.29340216517448425,
            0.2400047332048416,
            -0.3621066212654114
        ],
        "s": [
            1.0000001192092896,
            1.2000001668930054,
            1.0000001192092896
        ],